{"v":"5.7.1","fr":60,"ip":0,"op":91,"w":90,"h":90,"nm":"合成 1","ddd":0,"assets":[],"layers":[{"ddd":0,"ind":1,"ty":4,"nm":"形状图层 2","parent":2,"sr":1,"ks":{"o":{"a":1,"k":[{"i":{"x":[0.833],"y":[0.833]},"o":{"x":[0.167],"y":[0.167]},"t":80,"s":[100],"e":[0]},{"t":90}],"ix":11},"r":{"a":0,"k":0,"ix":10},"p":{"a":0,"k":[0,0,0],"ix":2},"a":{"a":0,"k":[0,0,0],"ix":1},"s":{"a":0,"k":[100,100,100],"ix":6}},"ao":0,"shapes":[{"ty":"gr","it":[{"ind":0,"ty":"sh","ix":1,"ks":{"a":1,"k":[{"i":{"x":0.8,"y":0.66},"o":{"x":0.4,"y":0},"t":2,"s":[{"i":[[0,0],[0,0]],"o":[[0,0],[0,0]],"v":[[-13.5,0],[13.562,0]],"c":true}],"e":[{"i":[[0,0],[0,0]],"o":[[0,0],[0,0]],"v":[[-13.5,0],[13.562,0]],"c":true}]},{"i":{"x":0.6,"y":1},"o":{"x":0.2,"y":0.34},"t":7,"s":[{"i":[[0,0],[0,0]],"o":[[0,0],[0,0]],"v":[[-13.5,0],[13.562,0]],"c":true}],"e":[{"i":[[0,0],[0,0]],"o":[[0,0],[0,0]],"v":[[-7.224,-14.544],[10.21,2.806]],"c":true}]},{"t":13}],"ix":2},"nm":"路径 1","mn":"ADBE Vector Shape - Group","hd":false},{"ty":"st","c":{"a":1,"k":[{"i":{"x":[0.833],"y":[0.833]},"o":{"x":[0.167],"y":[0.167]},"t":2,"s":[1,1,1,1],"e":[0.996078431606,0.172549024224,0.333333343267,1]},{"t":13}],"ix":3},"o":{"a":0,"k":100,"ix":4},"w":{"a":0,"k":6,"ix":5},"lc":2,"lj":2,"bm":0,"nm":"描边 1","mn":"ADBE Vector Graphic - Stroke","hd":false},{"ty":"tr","p":{"a":0,"k":[0,0],"ix":2},"a":{"a":0,"k":[0,0],"ix":1},"s":{"a":0,"k":[100,100],"ix":3},"r":{"a":0,"k":90,"ix":6},"o":{"a":0,"k":100,"ix":7},"sk":{"a":0,"k":0,"ix":4},"sa":{"a":0,"k":0,"ix":5},"nm":"变换"}],"nm":"形状 2","np":2,"cix":2,"bm":0,"ix":1,"mn":"ADBE Vector Group","hd":false},{"ty":"gr","it":[{"ind":0,"ty":"sh","ix":1,"ks":{"a":1,"k":[{"i":{"x":0.8,"y":0.68},"o":{"x":0.4,"y":0},"t":2,"s":[{"i":[[0,0],[0,0]],"o":[[0,0],[0,0]],"v":[[-13.5,0],[13.562,0]],"c":true}],"e":[{"i":[[0,0],[0,0]],"o":[[0,0],[0,0]],"v":[[-0.062,9.062],[0.021,-8.958]],"c":true}]},{"i":{"x":0.6,"y":1},"o":{"x":0.2,"y":0.32},"t":7,"s":[{"i":[[0,0],[0,0]],"o":[[0,0],[0,0]],"v":[[-0.062,9.062],[0.021,-8.958]],"c":true}],"e":[{"i":[[0,0],[0,0]],"o":[[0,0],[0,0]],"v":[[-2.81,10.208],[-12.518,0.573]],"c":true}]},{"t":13}],"ix":2},"nm":"路径 1","mn":"ADBE Vector Shape - Group","hd":false},{"ty":"st","c":{"a":1,"k":[{"i":{"x":[0.833],"y":[0.833]},"o":{"x":[0.167],"y":[0.167]},"t":2,"s":[1,1,1,1],"e":[0.996078431606,0.172549024224,0.333333343267,1]},{"t":13}],"ix":3},"o":{"a":0,"k":100,"ix":4},"w":{"a":0,"k":6,"ix":5},"lc":2,"lj":2,"bm":0,"nm":"描边 1","mn":"ADBE Vector Graphic - Stroke","hd":false},{"ty":"tr","p":{"a":0,"k":[0,0],"ix":2},"a":{"a":0,"k":[0,0],"ix":1},"s":{"a":0,"k":[100,100],"ix":3},"r":{"a":0,"k":0,"ix":6},"o":{"a":0,"k":100,"ix":7},"sk":{"a":0,"k":0,"ix":4},"sa":{"a":0,"k":0,"ix":5},"nm":"变换"}],"nm":"形状 1","np":2,"cix":2,"bm":0,"ix":2,"mn":"ADBE Vector Group","hd":false}],"ip":0,"op":120,"st":0,"bm":0},{"ddd":0,"ind":2,"ty":4,"nm":"形状图层 1","sr":1,"ks":{"o":{"a":1,"k":[{"i":{"x":[1],"y":[1]},"o":{"x":[0.167],"y":[0]},"t":19,"s":[100],"e":[100]},{"i":{"x":[0.833],"y":[0.833]},"o":{"x":[0.4],"y":[0]},"t":80,"s":[100],"e":[0]},{"t":90}],"ix":11},"r":{"a":0,"k":0,"ix":10},"p":{"a":0,"k":[45,45,0],"ix":2},"a":{"a":0,"k":[0,0,0],"ix":1},"s":{"a":1,"k":[{"i":{"x":[0.6,0.6,0.833],"y":[1,1,5.167]},"o":{"x":[0.167,0.167,0.167],"y":[0.167,0.167,3.333]},"t":0,"s":[100,100,100],"e":[60,60,100]},{"i":{"x":[0.6,0.6,0.833],"y":[1,1,1]},"o":{"x":[0.4,0.4,0.167],"y":[0,0,5.682]},"t":2,"s":[60,60,100],"e":[115,115,100]},{"i":{"x":[0.6,0.6,0.833],"y":[1,1,1]},"o":{"x":[0.4,0.4,0.167],"y":[0,0,0]},"t":13,"s":[115,115,100],"e":[95,95,100]},{"i":{"x":[0.6,0.6,0.564],"y":[1,1,1]},"o":{"x":[0.314,0.314,0.206],"y":[0,0,0]},"t":19,"s":[95,95,100],"e":[100,100,100]},{"i":{"x":[1,1,0.839],"y":[1,1,1]},"o":{"x":[0.4,0.4,0.304],"y":[0,0,0]},"t":25,"s":[100,100,100],"e":[100,100,100]},{"i":{"x":[0.833,0.833,0.833],"y":[0.833,0.833,14.333]},"o":{"x":[0.4,0.4,0.167],"y":[0,0,-13.333]},"t":80,"s":[100,100,100],"e":[20,20,100]},{"t":90}],"ix":6}},"ao":0,"shapes":[{"ty":"gr","it":[{"ind":0,"ty":"sh","ix":1,"ks":{"a":0,"k":{"i":[[-19.882,0],[0,-19.882],[19.882,0],[0,19.882]],"o":[[19.882,0],[0,19.882],[-19.882,0],[0,-19.882]],"v":[[0,-36],[36,0],[0,36],[-36,0]],"c":true},"ix":2},"nm":"路径 1","mn":"ADBE Vector Shape - Group","hd":false},{"ty":"fl","c":{"a":1,"k":[{"i":{"x":[0.833],"y":[0.833]},"o":{"x":[0.167],"y":[0.167]},"t":2,"s":[0.996078431606,0.172549024224,0.333333343267,1],"e":[1,1,1,1]},{"t":13}],"ix":4},"o":{"a":0,"k":100,"ix":5},"r":1,"bm":0,"nm":"填充 1","mn":"ADBE Vector Graphic - Fill","hd":false},{"ty":"tr","p":{"a":0,"k":[0,0],"ix":2},"a":{"a":0,"k":[0,0],"ix":1},"s":{"a":0,"k":[100,100],"ix":3},"r":{"a":0,"k":0,"ix":6},"o":{"a":0,"k":100,"ix":7},"sk":{"a":0,"k":0,"ix":4},"sa":{"a":0,"k":0,"ix":5},"nm":"变换"}],"nm":"椭圆 1","np":2,"cix":2,"bm":0,"ix":1,"mn":"ADBE Vector Group","hd":false}],"ip":0,"op":120,"st":0,"bm":0}],"markers":[]}